{
  "StartAt": "START Finance_CTB_AM2_LOAD",
  "States": {
    "START Finance_CTB_AM2_LOAD": {
      "Type": "Pass",
      "InputPath": "$",
      "OutputPath": "$",
      "Next": "Finance_CTB_Dimensions"
    },
    "Finance_CTB_Dimensions": {
      "Type": "Choice",
      "Choices": [
        {
          "Variable": "$.INPUT.Finance_CTB_Dimensions",
          "StringEquals": "Y",
          "Next": "PASS Finance_CTB_Dimensions"
        }
      ],
      "Default": "LOAD Finance_CTB_Dimensions"
    },
    "LOAD Finance_CTB_Dimensions": {
      "Type": "Task",
      "InputPath": "$",
      "ResultPath": "$.Finance_CTB_Dimensions",
      "Resource": "arn:aws:states:::states:startExecution.sync",
      "Parameters": {
        "Input": {
          "INPUT": {
            "fin-ctb-gl_balnc_fltr_s": "N",
            "fin-ctb-gl_cd_combn_s": "N",
            "region.$": "$.INPUT.region"
          }
        },
        "StateMachineArn": "arn:aws:states:us-east-1:083760424738:stateMachine:fin-ctb-finance-dimension"
      },
      "Retry": [
        {
          "ErrorEquals": [
            "States.Timeout"
          ],
          "MaxAttempts": 3,
          "IntervalSeconds": 60,
          "BackoffRate": 2
        }
      ],
      "Catch": [
        {
          "ErrorEquals": [
            "States.TaskFailed"
          ],
          "Next": "SNS_Finance_CTB_Dimensions_FAILED"
        }
      ],
      "Next": "PASS Finance_CTB_Dimensions"
    },
    "SNS_Finance_CTB_Dimensions_FAILED": {
      "Type": "Task",
      "Resource": "arn:aws:states:::sns:publish",
      "Parameters": {
        "TopicArn": "arn:aws:sns:us-east-1:083760424738:fin-ctb-sfn-failure",
        "Message.$": "$.Cause",
        "Subject": "AWS step function fin-ctb-finance-dimension failed for AM2"
      },
      "End": false
    },
    "PASS Finance_CTB_Dimensions": {
      "Type": "Pass",
      "Next": "StartParallel"
    },
    "StartParallel": {
      "Type": "Parallel",
      "Next": "StartParallel_Global_balances",
      "InputPath": "$",
      "ResultPath": "$.parallelResult",
      "Branches": [
        {
          "StartAt": "fin-ctb-glp_local_balances",
          "States": {
            "fin-ctb-glp_local_balances": {
              "Type": "Choice",
              "Choices": [
                {
                  "Variable": "$.INPUT.fin-ctb-glp_local_balances",
                  "StringEquals": "Y",
                  "Next": "SKIP fin-ctb-glp_local_balances"
                }
              ],
              "Default": "LOAD fin-ctb-glp_local_balances"
            },
            "LOAD fin-ctb-glp_local_balances": {
              "Type": "Task",
              "InputPath": "$",
              "ResultPath": "$.fin-ctb-glp_local_balances",
              "Resource": "arn:aws:states:::states:startExecution.sync",
              "Parameters": {
                "Input": {
                  "INPUT": {
                    "rsql_ctb_gl_glp_locl_balnc_s": "N",
                    "rsql_ctb_gl_xxx_locl_balnc_s_validation": "N",
                    "rsql_ctb_gl_glp_locl_balnc_s_f_delins": "N",
                    "fin-ctb-glp_local_balances_hfm": "N",
                    "region.$": "$.INPUT.region"
                  }
                },
                "StateMachineArn": "arn:aws:states:us-east-1:083760424738:stateMachine:fin-ctb-glp_local_balances"
              },
              "Retry": [
                {
                  "ErrorEquals": [
                    "States.Timeout"
                  ],
                  "MaxAttempts": 3,
                  "IntervalSeconds": 60,
                  "BackoffRate": 2
                }
              ],
              "Catch": [
                {
                  "ErrorEquals": [
                    "States.TaskFailed"
                  ],
                  "Next": "SNS_fin-ctb-glp_local_balances_FAILED"
                }
              ],
              "Next": "SKIP fin-ctb-glp_local_balances"
            },
            "SKIP fin-ctb-glp_local_balances": {
              "Type": "Pass",
              "End": true
            },
            "SNS_fin-ctb-glp_local_balances_FAILED": {
              "Type": "Task",
              "Resource": "arn:aws:states:::sns:publish",
              "Parameters": {
                "TopicArn": "arn:aws:sns:us-east-1:083760424738:fin-ctb-sfn-failure",
                "Message.$": "$.Cause",
                "Subject": "AWS step function fin-ctb-glp_local_balances failed for  AM2"
              },
              "Next": "fin-ctb-glp_local_balances_ACTIVITY"
            },
            "fin-ctb-glp_local_balances_ACTIVITY": {
              "Type": "Task",
              "Resource": "arn:aws:states:us-east-1:083760424738:activity:fin-ctb-glp_local_balances_ACTIVITY",
              "End": true
            }
          }
        },
        {
          "StartAt": "fin-ctb-hit_local_balances",
          "States": {
            "fin-ctb-hit_local_balances": {
              "Type": "Choice",
              "Choices": [
                {
                  "Variable": "$.INPUT.fin-ctb-hit_local_balances",
                  "StringEquals": "Y",
                  "Next": "SKIP fin-ctb-hit_local_balances"
                }
              ],
              "Default": "LOAD fin-ctb-hit_local_balances"
            },
            "LOAD fin-ctb-hit_local_balances": {
              "Type": "Task",
              "InputPath": "$",
              "ResultPath": "$.fin-ctb-hit_local_balances",
              "Resource": "arn:aws:states:::states:startExecution.sync",
              "Parameters": {
                "Input": {
                  "INPUT": {
                    "rsql_ctb_gl_hit_locl_balnc_s": "N",
                    "rsql_ctb_gl_xxx_locl_balnc_s_validation": "N",
                    "rsql_ctb_gl_hit_locl_balnc_s_f_delins": "N",
                    "fin-ctb-hit_local_balances_hfm": "N",
                    "region.$": "$.INPUT.region"
                  }
                },
                "StateMachineArn": "arn:aws:states:us-east-1:083760424738:stateMachine:fin-ctb-hit_local_balances"
              },
              "Retry": [
                {
                  "ErrorEquals": [
                    "States.Timeout"
                  ],
                  "MaxAttempts": 3,
                  "IntervalSeconds": 60,
                  "BackoffRate": 2
                }
              ],
              "Catch": [
                {
                  "ErrorEquals": [
                    "States.TaskFailed"
                  ],
                  "Next": "SNS_fin-ctb-hit_local_balances_FAILED"
                }
              ],
              "Next": "SKIP fin-ctb-hit_local_balances"
            },
            "SKIP fin-ctb-hit_local_balances": {
              "Type": "Pass",
              "End": true
            },
            "SNS_fin-ctb-hit_local_balances_FAILED": {
              "Type": "Task",
              "Resource": "arn:aws:states:::sns:publish",
              "Parameters": {
                "TopicArn": "arn:aws:sns:us-east-1:083760424738:fin-ctb-sfn-failure",
                "Message.$": "$.Cause",
                "Subject": "AWS step function fin-ctb-hit_local_balances failed for AM2"
              },
              "Next": "fin-ctb-hit_local_balances_ACTIVITY"
            },
            "fin-ctb-hit_local_balances_ACTIVITY": {
              "Type": "Task",
              "Resource": "arn:aws:states:us-east-1:083760424738:activity:fin-ctb-hit_local_balances_ACTIVITY",
              "End": true
            }
          }
        },
        {
          "StartAt": "fin-ctb-sap_local_balances",
          "States": {
            "fin-ctb-sap_local_balances": {
              "Type": "Choice",
              "Choices": [
                {
                  "Variable": "$.INPUT.fin-ctb-sap_local_balances",
                  "StringEquals": "Y",
                  "Next": "SKIP fin-ctb-sap_local_balances"
                }
              ],
              "Default": "LOAD fin-ctb-sap_local_balances"
            },
            "LOAD fin-ctb-sap_local_balances": {
              "Type": "Task",
              "InputPath": "$",
              "ResultPath": "$.fin-ctb-sap_local_balances",
              "Resource": "arn:aws:states:::states:startExecution.sync",
              "Parameters": {
                "Input": {
                  "INPUT": {
                    "rsql_ctb_gl_sap_locl_balnc_s": "N",
                    "rsql_ctb_gl_xxx_locl_balnc_s_validation": "N",
                    "rsql_ctb_gl_sap_locl_balnc_s_f_delins": "N",
                    "fin-ctb-sap_local_balances_hfm": "N",
                    "region.$": "$.INPUT.region"
                  }
                },
                "StateMachineArn": "arn:aws:states:us-east-1:083760424738:stateMachine:fin-ctb-sap_local_balances"
              },
              "Retry": [
                {
                  "ErrorEquals": [
                    "States.Timeout"
                  ],
                  "MaxAttempts": 3,
                  "IntervalSeconds": 60,
                  "BackoffRate": 2
                }
              ],
              "Catch": [
                {
                  "ErrorEquals": [
                    "States.TaskFailed"
                  ],
                  "Next": "SNS_fin-ctb-sap_local_balances_FAILED"
                }
              ],
              "Next": "SKIP fin-ctb-sap_local_balances"
            },
            "SKIP fin-ctb-sap_local_balances": {
              "Type": "Pass",
              "End": true
            },
            "SNS_fin-ctb-sap_local_balances_FAILED": {
              "Type": "Task",
              "Resource": "arn:aws:states:::sns:publish",
              "Parameters": {
                "TopicArn": "arn:aws:sns:us-east-1:083760424738:fin-ctb-sfn-failure",
                "Message.$": "$.Cause",
                "Subject": "AWS step function fin-ctb-sap_local_balances failed for AM2"
              },
              "Next": "fin-ctb-sap_local_balances_ACTIVITY"
            },
            "fin-ctb-sap_local_balances_ACTIVITY": {
              "Type": "Task",
              "Resource": "arn:aws:states:us-east-1:083760424738:activity:fin-ctb-sap_local_balances_ACTIVITY",
              "End": true
            }
          }
        }
      ]
    },
    "StartParallel_Global_balances": {
      "Type": "Parallel",
      "Next": "SNS_fin-ctb-finance-ctb-am2-load Success Notification",
      "InputPath": "$",
      "ResultPath": "$.parallelResult",
      "Branches": [
        {
          "StartAt": "fin-ctb-finance_ctb_elims",
          "States": {
            "fin-ctb-finance_ctb_elims": {
              "Type": "Choice",
              "Choices": [
                {
                  "Variable": "$.INPUT.fin-ctb-finance_ctb_elims",
                  "StringEquals": "Y",
                  "Next": "SKIP fin-ctb-finance_ctb_elims"
                }
              ],
              "Default": "LOAD fin-ctb-finance_ctb_elims"
            },
            "LOAD fin-ctb-finance_ctb_elims": {
              "Type": "Task",
              "InputPath": "$",
              "ResultPath": "$.fin-ctb-finance_ctb_elims",
              "Resource": "arn:aws:states:::states:startExecution.sync",
              "Parameters": {
                "Input": {
                  "INPUT": {
                    "HFM_NOTIFIER_START": "N",
                    "wf_m_ctb_gl_coa_hfm_elims": "N",
                    "HFM_NOTIFIER_END": "N",
                    "region.$": "$.INPUT.region"
                  }
                },
                "StateMachineArn": "arn:aws:states:us-east-1:083760424738:stateMachine:fin-ctb-finance_ctb_elims"
              },
              "Retry": [
                {
                  "ErrorEquals": [
                    "States.Timeout"
                  ],
                  "MaxAttempts": 3,
                  "IntervalSeconds": 60,
                  "BackoffRate": 2
                }
              ],
              "Catch": [
                {
                  "ErrorEquals": [
                    "States.TaskFailed"
                  ],
                  "Next": "SNS_fin-ctb-finance_ctb_elims_FAILED"
                }
              ],
              "Next": "SKIP fin-ctb-finance_ctb_elims"
            },
            "SKIP fin-ctb-finance_ctb_elims": {
              "Type": "Pass",
              "End": true
            },
            "SNS_fin-ctb-finance_ctb_elims_FAILED": {
              "Type": "Task",
              "Resource": "arn:aws:states:::sns:publish",
              "Parameters": {
                "TopicArn": "arn:aws:sns:us-east-1:083760424738:fin-ctb-sfn-failure",
                "Message.$": "$.Cause",
                "Subject": "AWS SHELL SCRIPT FOR fin-ctb-finance_ctb_elims FAILED!"
              },
              "Next": "fin-ctb-finance_ctb_elims_ACTIVITY"
            },
            "fin-ctb-finance_ctb_elims_ACTIVITY": {
              "Type": "Task",
              "Resource": "arn:aws:states:us-east-1:083760424738:activity:fin-ctb-finance_ctb_elims_ACTIVITY",
              "End": true
            }
          }
        },
        {
          "StartAt": "fin-ctb-global_balances",
          "States": {
            "fin-ctb-global_balances": {
              "Type": "Choice",
              "Choices": [
                {
                  "Variable": "$.INPUT.fin-ctb-global_balances",
                  "StringEquals": "Y",
                  "Next": "SKIP fin-ctb-global_balances"
                }
              ],
              "Default": "LOAD fin-ctb-global_balances"
            },
            "LOAD fin-ctb-global_balances": {
              "Type": "Task",
              "InputPath": "$",
              "ResultPath": "$.fin-ctb-global_balances",
              "Resource": "arn:aws:states:::states:startExecution.sync",
              "Parameters": {
                "Input": {
                  "INPUT": {
                    "Finance_CTB_Global_Balances1": "N",
                    "rsql_ctb_future_period_chk": "N",
                    "HFM_NOTIFIER_START": "N",
                    "rsql_ctb_gl_ctb_audit_global": "N",
                    "region.$": "$.INPUT.region"
                  }
                },
                "StateMachineArn": "arn:aws:states:us-east-1:083760424738:stateMachine:fin-ctb-global_balances"
              },
              "Retry": [
                {
                  "ErrorEquals": [
                    "States.Timeout"
                  ],
                  "MaxAttempts": 3,
                  "IntervalSeconds": 60,
                  "BackoffRate": 2
                }
              ],
              "Catch": [
                {
                  "ErrorEquals": [
                    "States.TaskFailed"
                  ],
                  "Next": "SNS_fin-ctb-global_balances_FAILED"
                }
              ],
              "Next": "SKIP fin-ctb-global_balances"
            },
            "SKIP fin-ctb-global_balances": {
              "Type": "Pass",
              "Next": "fin-ctb-gl_fx_coa_am2_load"
            },
            "SNS_fin-ctb-global_balances_FAILED": {
              "Type": "Task",
              "Resource": "arn:aws:states:::sns:publish",
              "Parameters": {
                "TopicArn": "arn:aws:sns:us-east-1:083760424738:fin-ctb-sfn-failure",
                "Message.$": "$.Cause",
                "Subject": "AWS SHELL SCRIPT FOR fin-ctb-global_balances FAILED!"
              },
              "Next": "fin-ctb-global_balances_ACTIVITY"
            },
            "fin-ctb-global_balances_ACTIVITY": {
              "Type": "Task",
              "Resource": "arn:aws:states:us-east-1:083760424738:activity:fin-ctb-global_balances_ACTIVITY",
              "End": true
            },
               "fin-ctb-gl_fx_coa_am2_load": {
              "Type": "Choice",
              "Choices": [
                {
                  "Variable": "$.INPUT.fin-ctb-gl_fx_coa_am2_load",
                  "StringEquals": "Y",
                  "Next": "SKIP fin-ctb-gl_fx_coa_am2_load"
                }
              ],
              "Default": "LOAD fin-ctb-gl_fx_coa_am2_load"
            },
            "LOAD fin-ctb-gl_fx_coa_am2_load": {
              "Type": "Task",
              "InputPath": "$",
              "ResultPath": "$.fin-ctb-gl_fx_coa_am2_load",
              "Resource": "arn:aws:states:::states:startExecution.sync",
              "Parameters": {
                "Input": {
                  "INPUT": {
                    "rsql_ctb_gl_fx_coa_balnc_s": "N",
                    "rsql_ctb_gl_fx_coa_balnc_s_f_delins": "N",
                    "region.$": "$.INPUT.region"
                  }
                },
                "StateMachineArn": "arn:aws:states:us-east-1:083760424738:stateMachine:fin-ctb-gl_fx_coa_am2_load"
              },
              "Retry": [
                {
                  "ErrorEquals": [
                    "States.Timeout"
                  ],
                  "MaxAttempts": 3,
                  "IntervalSeconds": 60,
                  "BackoffRate": 2
                }
              ],
              "Catch": [
                {
                  "ErrorEquals": [
                    "States.TaskFailed"
                  ],
                  "Next": "SNS_fin-ctb-gl_fx_coa_am2_load_FAILED"
                }
              ],
              "Next": "SKIP fin-ctb-gl_fx_coa_am2_load"
            },
            "SKIP fin-ctb-gl_fx_coa_am2_load": {
              "Type": "Pass",
              "End": true
            },
            "SNS_fin-ctb-gl_fx_coa_am2_load_FAILED": {
              "Type": "Task",
              "Resource": "arn:aws:states:::sns:publish",
              "Parameters": {
                "TopicArn": "arn:aws:sns:us-east-1:083760424738:fin-ctb-sfn-failure",
                "Message.$": "$.Cause",
                "Subject": "AWS SHELL SCRIPT FOR fin-ctb-gl_fx_coa_am2_load FAILED!"
              },
              "Next": "fin-ctb-gl_fx_coa_am2_load_ACTIVITY"
            },
            "fin-ctb-gl_fx_coa_am2_load_ACTIVITY": {
              "Type": "Task",
              "Resource": "arn:aws:states:us-east-1:083760424738:activity:fin-ctb-gl_fx_coa_am2_load_ACTIVITY",
              "End": true
            }
          }
        },
        {
          "StartAt": "fin-ctb-local_balances_archival",
          "States": {
            "fin-ctb-local_balances_archival": {
              "Type": "Choice",
              "Choices": [
                {
                  "Variable": "$.INPUT.fin-ctb-local_balances_archival",
                  "StringEquals": "Y",
                  "Next": "SKIP fin-ctb-local_balances_archival"
                }
              ],
              "Default": "LOAD fin-ctb-local_balances_archival"
            },
            "LOAD fin-ctb-local_balances_archival": {
              "Type": "Task",
              "InputPath": "$",
              "ResultPath": "$.fin-ctb-local_balances_archival",
              "Resource": "arn:aws:states:::states:startExecution.sync",
              "Parameters": {
                "Input": {
                  "INPUT": {
                    "rsql_ctb_gl_locl_balnc_f_arch": "N",
                    "region.$": "$.INPUT.region"
                  }
                },
                "StateMachineArn": "arn:aws:states:us-east-1:083760424738:stateMachine:fin-ctb-local_balances_archival"
              },
              "Retry": [
                {
                  "ErrorEquals": [
                    "States.Timeout"
                  ],
                  "MaxAttempts": 3,
                  "IntervalSeconds": 60,
                  "BackoffRate": 2
                }
              ],
              "Catch": [
                {
                  "ErrorEquals": [
                    "States.TaskFailed"
                  ],
                  "Next": "SNS_fin-ctb-local_balances_archival_FAILED"
                }
              ],
              "Next": "SKIP fin-ctb-local_balances_archival"
            },
            "SKIP fin-ctb-local_balances_archival": {
              "Type": "Pass",
              "End": true
            },
            "SNS_fin-ctb-local_balances_archival_FAILED": {
              "Type": "Task",
              "Resource": "arn:aws:states:::sns:publish",
              "Parameters": {
                "TopicArn": "arn:aws:sns:us-east-1:083760424738:fin-ctb-sfn-failure",
                "Message.$": "$.Cause",
                "Subject": "AWS SHELL SCRIPT FOR fin-ctb-local_balances_archival FAILED!"
              },
              "Next": "fin-ctb-local_balances_archival_ACTIVITY"
            },
            "fin-ctb-local_balances_archival_ACTIVITY": {
              "Type": "Task",
              "Resource": "arn:aws:states:us-east-1:083760424738:activity:fin-ctb-local_balances_archival_ACTIVITY",
              "End": true
            }
          }
        }
      ]
    },
    "SNS_fin-ctb-finance-ctb-am2-load Success Notification": {
      "Type": "Task",
      "Resource": "arn:aws:states:::sns:publish",
      "Parameters": {
        "TopicArn": "arn:aws:sns:us-east-1:083760424738:fin-ctb-sfn-success",
        "Message": {
          "Subject": "fin-ctb-finance-ctb-am2-load successfully completed for AM2 region"
        }
      },
      "End": true
    }
  }
}