{
  "StartAt": "Start Finance_CTB_Global_Balances1",
  "States": {
    "Start Finance_CTB_Global_Balances1": {
      "Type": "Pass",
      "InputPath": "$",
      "ResultPath": "$.ctb_glb_bal",
      "Next": "rsql_ctb_gl_coa_balnc_s_insert"
    },
    "rsql_ctb_gl_coa_balnc_s_insert": {
      "Type": "Choice",
      "Choices": [
        {
          "Variable": "$.INPUT.rsql_ctb_gl_coa_balnc_s_insert",
          "StringEquals": "Y",
          "Next": "SKIP rsql_ctb_gl_coa_balnc_s_insert"
        }
      ],
      "Default": "LOAD rsql_ctb_gl_coa_balnc_s_insert"
    },
    "LOAD rsql_ctb_gl_coa_balnc_s_insert": {
      "Type": "Task",
      "ResultPath": "$.OUTPUT",
      "Resource": "arn:aws:states:::lambda:invoke.waitForTaskToken",
      "Parameters": {
        "FunctionName": "arn:aws:lambda:us-east-1:083760424738:function:fin-ctb-rsql-sfn-trigger",
        "Payload": {
          "token.$": "$$.Task.Token",
          "workflow_id": "TEST",
          "type": "rsql",
          "script": "rsql_ctb_gl_coa_balnc_s_insert.sh",
          "args": "0"
        }
      },
      "Retry": [
        {
          "ErrorEquals": [
            "Lambda.ServiceException",
            "Lambda.AWSLambdaException",
            "Lambda.SdkClientException"
          ],
          "IntervalSeconds": 2,
          "MaxAttempts": 6,
          "BackoffRate": 2
        }
      ],
      "Catch": [
        {
          "ErrorEquals": [
            "States.TaskFailed"
          ],
          "Next": "SNS_rsql_ctb_gl_coa_balnc_s_insert_FAILED"
        }
      ],
      "Next": "SKIP rsql_ctb_gl_coa_balnc_s_insert"
    },
    "SNS_rsql_ctb_gl_coa_balnc_s_insert_FAILED": {
      "Type": "Task",
      "Resource": "arn:aws:states:::sns:publish",
      "Parameters": {
        "TopicArn": "arn:aws:sns:us-east-1:083760424738:fin-ctb-sfn-failure",
        "Message.$": "$",
        "Subject": "fin-ctb-global_balances failed at script rsql_ctb_gl_coa_balnc_s_insert.sh"
      },
      "End": false
    },
    "SKIP rsql_ctb_gl_coa_balnc_s_insert": {
      "Type": "Pass",
      "Next": "rsql_ctb_gl_coa_balnc_s_rate"
    },
    "rsql_ctb_gl_coa_balnc_s_rate": {
      "Type": "Choice",
      "Choices": [
        {
          "Variable": "$.INPUT.rsql_ctb_gl_coa_balnc_s_rate",
          "StringEquals": "Y",
          "Next": "SKIP rsql_ctb_gl_coa_balnc_s_rate"
        }
      ],
      "Default": "LOAD rsql_ctb_gl_coa_balnc_s_rate"
    },
    "LOAD rsql_ctb_gl_coa_balnc_s_rate": {
      "Type": "Task",
      "ResultPath": "$.OUTPUT",
      "Resource": "arn:aws:states:::lambda:invoke.waitForTaskToken",
      "Parameters": {
        "FunctionName": "arn:aws:lambda:us-east-1:083760424738:function:fin-ctb-rsql-sfn-trigger",
        "Payload": {
          "token.$": "$$.Task.Token",
          "type": "rsql",
          "script": "rsql_ctb_gl_coa_balnc_s_rate.sh",
          "args": "0"
        }
      },
      "Retry": [
        {
          "ErrorEquals": [
            "Lambda.ServiceException",
            "Lambda.AWSLambdaException",
            "Lambda.SdkClientException"
          ],
          "IntervalSeconds": 2,
          "MaxAttempts": 6,
          "BackoffRate": 2
        }
      ],
      "Catch": [
        {
          "ErrorEquals": [
            "States.TaskFailed"
          ],
          "Next": "SNS_rsql_ctb_gl_coa_balnc_s_rate_FAILED"
        }
      ],
      "Next": "SKIP rsql_ctb_gl_coa_balnc_s_rate"
    },
    "SNS_rsql_ctb_gl_coa_balnc_s_rate_FAILED": {
      "Type": "Task",
      "Resource": "arn:aws:states:::sns:publish",
      "Parameters": {
        "TopicArn": "arn:aws:sns:us-east-1:083760424738:fin-ctb-sfn-failure",
        "Message.$": "$",
        "Subject": "fin-ctb-global_balances failed at script rsql_ctb_gl_coa_balnc_s_rate.sh"
      },
      "End": false
    },
    "SKIP rsql_ctb_gl_coa_balnc_s_rate": {
      "Type": "Pass",
      "Next": "rsql_ctb_gl_coa_balnc_s_elims"
    },
    "rsql_ctb_gl_coa_balnc_s_elims": {
      "Type": "Choice",
      "Choices": [
        {
          "Variable": "$.INPUT.rsql_ctb_gl_coa_balnc_s_elims",
          "StringEquals": "Y",
          "Next": "SKIP rsql_ctb_gl_coa_balnc_s_elims"
        }
      ],
      "Default": "CHECK Elims_key"
    },
    "CHECK Elims_key": {
      "Type": "Task",
      "Resource": "arn:aws:lambda:us-east-1:083760424738:function:fin-ctb-elims-update",
      "Parameters": {
        "DDB_KEY_TO_UPDATE": "elims_check",
        "DDB_FLAG": ""
      },
      "Catch": [
        {
          "ErrorEquals": [
            "ZeroDivisionError"
          ],
          "Next": "rsql_ctb_gl_coa_balnc_s_delinsert",
          "ResultPath": "$.ctb_glb_bal.INPUT"
        }
      ],
      "Next": "LOAD rsql_ctb_gl_coa_balnc_s_elims",
      "ResultPath": "$.input"
    },
    "LOAD rsql_ctb_gl_coa_balnc_s_elims": {
      "Type": "Task",
      "ResultPath": "$.OUTPUT",
      "Resource": "arn:aws:states:::lambda:invoke.waitForTaskToken",
      "Parameters": {
        "FunctionName": "arn:aws:lambda:us-east-1:083760424738:function:fin-ctb-rsql-sfn-trigger",
        "Payload": {
          "token.$": "$$.Task.Token",
          "type": "rsql",
          "script": "rsql_ctb_gl_coa_balnc_s_elims.sh",
          "args": "0"
        }
      },
      "Retry": [
        {
          "ErrorEquals": [
            "Lambda.ServiceException",
            "Lambda.AWSLambdaException",
            "Lambda.SdkClientException"
          ],
          "IntervalSeconds": 2,
          "MaxAttempts": 6,
          "BackoffRate": 2
        }
      ],
      "Catch": [
        {
          "ErrorEquals": [
            "States.TaskFailed"
          ],
          "Next": "SNS_rsql_ctb_gl_coa_balnc_s_elims_FAILED"
        }
      ],
      "Next": "SKIP rsql_ctb_gl_coa_balnc_s_elims"
    },
    "SNS_rsql_ctb_gl_coa_balnc_s_elims_FAILED": {
      "Type": "Task",
      "Resource": "arn:aws:states:::sns:publish",
      "Parameters": {
        "TopicArn": "arn:aws:sns:us-east-1:083760424738:fin-ctb-sfn-failure",
        "Message.$": "$",
        "Subject": "fin-ctb-global_balances failed at script rsql_ctb_gl_coa_balnc_s_elims.sh"
      },
      "End": false
    },
    "SKIP rsql_ctb_gl_coa_balnc_s_elims": {
      "Type": "Pass",
      "Next": "rsql_ctb_gl_coa_balnc_s_delinsert"
    },
    "rsql_ctb_gl_coa_balnc_s_delinsert": {
      "Type": "Choice",
      "Choices": [
        {
          "Variable": "$.INPUT.rsql_ctb_gl_coa_balnc_s_delinsert",
          "StringEquals": "Y",
          "Next": "SKIP rsql_ctb_gl_coa_balnc_s_delinsert"
        }
      ],
      "Default": "LOAD rsql_ctb_gl_coa_balnc_s_delinsert"
    },
    "LOAD rsql_ctb_gl_coa_balnc_s_delinsert": {
      "Type": "Task",
      "ResultPath": "$.OUTPUT",
      "Resource": "arn:aws:states:::lambda:invoke.waitForTaskToken",
      "Parameters": {
        "FunctionName": "arn:aws:lambda:us-east-1:083760424738:function:fin-ctb-rsql-sfn-trigger",
        "Payload": {
          "token.$": "$$.Task.Token",
          "type": "rsql",
          "script": "rsql_ctb_gl_coa_balnc_s_delinsert.sh",
          "args": "0"
        }
      },
      "Retry": [
        {
          "ErrorEquals": [
            "Lambda.ServiceException",
            "Lambda.AWSLambdaException",
            "Lambda.SdkClientException"
          ],
          "IntervalSeconds": 2,
          "MaxAttempts": 6,
          "BackoffRate": 2
        }
      ],
      "Catch": [
        {
          "ErrorEquals": [
            "States.TaskFailed"
          ],
          "Next": "SNS_rsql_ctb_gl_coa_balnc_s_delinsert_FAILED"
        }
      ],
      "Next": "SKIP rsql_ctb_gl_coa_balnc_s_delinsert"
    },
    "SNS_rsql_ctb_gl_coa_balnc_s_delinsert_FAILED": {
      "Type": "Task",
      "Resource": "arn:aws:states:::sns:publish",
      "Parameters": {
        "TopicArn": "arn:aws:sns:us-east-1:083760424738:fin-ctb-sfn-failure",
        "Message.$": "$",
        "Subject": "fin-ctb-global_balances failed at script rsql_ctb_gl_coa_balnc_s_delinsert.sh"
      },
      "End": false
    },
    "SKIP rsql_ctb_gl_coa_balnc_s_delinsert": {
      "Type": "Pass",
      "Next": "Completed"
    },
    "Completed": {
      "Type": "Pass",
       "End": true
    }
  }
}