{
  "StartAt": "START Finance_CTB_Global_Balances",
  "States": {
    "START Finance_CTB_Global_Balances": {
      "Type": "Pass",
      "InputPath": "$",
      "OutputPath": "$",
      "Next": "Finance_CTB_Global_Balances1"
    },
    "Finance_CTB_Global_Balances1": {
      "Type": "Choice",
      "Choices": [
        {
          "Variable": "$.INPUT.Finance_CTB_Global_Balances1",
          "StringEquals": "Y",
          "Next": "PASS Finance_CTB_Global_Balances1"
        }
      ],
      "Default": "LOAD Finance_CTB_Global_Balances1"
    },
    "LOAD Finance_CTB_Global_Balances1": {
      "Type": "Task",
      "InputPath": "$",
      "ResultPath": "$.Finance_CTB_Global_Balances1",
      "Resource": "arn:aws:states:::states:startExecution.sync",
      "Parameters": {
        "Input": {
          "INPUT": {
            "rsql_ctb_gl_coa_balnc_s_insert": "N",
            "rsql_ctb_gl_coa_balnc_s_rate": "N",
            "rsql_ctb_gl_coa_balnc_s_elims": "N",
            "rsql_ctb_gl_coa_balnc_s_delinsert": "N"
          }
        },
        "StateMachineArn": "arn:aws:states:us-east-1:083760424738:stateMachine:fin-ctb-global_balances1"
      },
      "Retry": [
        {
          "ErrorEquals": [
            "States.Timeout"
          ],
          "MaxAttempts": 3,
          "IntervalSeconds": 60,
          "BackoffRate": 2
        }
      ],
      "Catch": [
        {
          "ErrorEquals": [
            "States.TaskFailed"
          ],
          "Next": "SNS_Finance_CTB_Global_Balances1_FAILED"
        }
      ],
      "Next": "PASS Finance_CTB_Global_Balances1"
    },
    "SNS_Finance_CTB_Global_Balances1_FAILED": {
      "Type": "Task",
      "Resource": "arn:aws:states:::sns:publish",
      "Parameters": {
        "TopicArn": "arn:aws:sns:us-east-1:083760424738:fin-ctb-sfn-failure",
        "Message.$": "$.Cause",
        "Subject": "Finance_CTB_Global_Balances failed at Finance_CTB_Global_Balances1 "
      },
      "End": false
    },
    "PASS Finance_CTB_Global_Balances1": {
      "Type": "Pass",
      "Next": "rsql_ctb_future_period_chk"
    },
    "rsql_ctb_future_period_chk": {
      "Type": "Choice",
      "Choices": [
        {
          "Variable": "$.INPUT.rsql_ctb_future_period_chk",
          "StringEquals": "Y",
          "Next": "SKIP rsql_ctb_future_period_chk"
        }
      ],
      "Default": "LOAD rsql_ctb_future_period_chk"
    },
    "LOAD rsql_ctb_future_period_chk": {
      "Type": "Task",
      "Resource": "arn:aws:states:::lambda:invoke.waitForTaskToken",
      "Parameters": {
        "FunctionName": "arn:aws:lambda:us-east-1:083760424738:function:fin-ctb-rsql-sfn-trigger",
        "Payload": {
          "token.$": "$$.Task.Token",
          "workflow_id": "TEST",
          "type": "shell",
          "script": "rsql_ctb_future_period_chk.sh",
          "args": "odp-fin-nprod-ctb-fsso"
        }
      },
      "Retry": [
        {
          "ErrorEquals": [
            "Lambda.ServiceException",
            "Lambda.AWSLambdaException",
            "Lambda.SdkClientException"
          ],
          "IntervalSeconds": 2,
          "MaxAttempts": 6,
          "BackoffRate": 2
        }
      ],
      "Catch": [
        {
          "ErrorEquals": [
            "States.TaskFailed"
          ],
          "Next": "Status Check"
        }
      ],
      "Next": "SKIP rsql_ctb_future_period_chk",
      "ResultPath": "$.OUTPUT"
    },
    "Status Check": {
      "Type": "Choice",
      "Choices": [
        {
          "Variable": "$.Error",
          "StringEquals": "1",
          "Next": "LOAD Finance_CTB_Global_Balances2"
        }
      ],
      "Default": "SNS_rsql_ctb_future_period_chk_FAILED"
    },
    "SNS_rsql_ctb_future_period_chk_FAILED": {
      "Type": "Task",
      "Resource": "arn:aws:states:::sns:publish",
      "Parameters": {
        "TopicArn": "arn:aws:sns:us-east-1:083760424738:fin-ctb-sfn-failure",
        "Message.$": "$",
        "Subject": "Finance_CTB_Global_Balances failed at rsql_ctb_future_period_chk.sh script"
      },
      "End": false
    },
    "SKIP rsql_ctb_future_period_chk": {
      "Type": "Pass",
      "Next": "HFM_NOTIFIER_START"
    },
    "LOAD Finance_CTB_Global_Balances2": {
      "Type": "Task",
      "InputPath": "$",
      "ResultPath": "$.Finance_CTB_Global_Balances2",
      "Resource": "arn:aws:states:::states:startExecution.sync",
      "Parameters": {
        "Input": {
          "INPUT": {
            "rsql_ctb_gl_coa_balnc_s_insert": "N",
            "rsql_ctb_gl_coa_balnc_s_rate": "N",
            "rsql_ctb_gl_coa_balnc_s_elims": "N",
            "rsql_ctb_gl_coa_balnc_s_delinsert": "N"
          }
        },
        "StateMachineArn": "arn:aws:states:us-east-1:083760424738:stateMachine:fin-ctb-global_balances2"
      },
      "Retry": [
        {
          "ErrorEquals": [
            "States.Timeout"
          ],
          "MaxAttempts": 3,
          "IntervalSeconds": 60,
          "BackoffRate": 2
        }
      ],
      "Catch": [
        {
          "ErrorEquals": [
            "States.TaskFailed"
          ],
          "Next": "SNS_Finance_CTB_Global_Balances2_FAILED"
        }
      ],
      "Next": "SKIP Finance_CTB_Global_Balances2"
    },
    "SNS_Finance_CTB_Global_Balances2_FAILED": {
      "Type": "Task",
      "Resource": "arn:aws:states:::sns:publish",
      "Parameters": {
        "TopicArn": "arn:aws:sns:us-east-1:083760424738:fin-ctb-sfn-failure",
        "Message.$": "$.Cause",
        "Subject": "Finance_CTB_Global_Balances failed at Finance_CTB_Global_Balances2"
      },
      "End": false
    },
    "SKIP Finance_CTB_Global_Balances2": {
      "Type": "Pass",
      "Next": "HFM_NOTIFIER_START"
    },
    "HFM_NOTIFIER_START": {
      "Type": "Choice",
      "Choices": [
        {
          "Variable": "$.INPUT.HFM_NOTIFIER_START",
          "StringEquals": "Y",
          "Next": "SKIP HFM_NOTIFIER_START"
        }
      ],
      "Default": "LOAD HFM_NOTIFIER_START"
    },
    "LOAD HFM_NOTIFIER_START": {
      "Type": "Task",
      "InputPath": "$",
      "Resource": "arn:aws:states:::lambda:invoke.waitForTaskToken",
      "Parameters": {
        "FunctionName": "arn:aws:lambda:us-east-1:083760424738:function:fin-ctb-rsql-sfn-trigger",
        "Payload": {
          "token.$": "$$.Task.Token",
          "workflow_id": "TEST",
          "type": "shell",
          "script": "HFM_NOTIFIER_START.sh",
          "args.$": "States.Format('{}|ESSGLB',$.INPUT.region)"
        }
      },
      "Retry": [
        {
          "ErrorEquals": [
            "Lambda.ServiceException",
            "Lambda.AWSLambdaException",
            "Lambda.SdkClientException"
          ],
          "IntervalSeconds": 2,
          "MaxAttempts": 6,
          "BackoffRate": 2
        }
      ],
      "Catch": [
        {
          "ErrorEquals": [
            "States.TaskFailed"
          ],
          "Next": "SNS_HFM_NOTIFIER_START_FAILED"
        }
      ],
      "Next": "SKIP HFM_NOTIFIER_START",
      "ResultPath": "$.OUTPUT"
    },
    "SNS_HFM_NOTIFIER_START_FAILED": {
      "Type": "Task",
      "Resource": "arn:aws:states:::sns:publish",
      "Parameters": {
        "TopicArn": "arn:aws:sns:us-east-1:083760424738:fin-ctb-sfn-failure",
        "Message.$": "$",
        "Subject": "Finance_CTB_Global_Balances failed at HFM_NOTIFIER_START.sh script"
      },
      "End": false
    },
    "SKIP HFM_NOTIFIER_START": {
      "Type": "Pass",
      "Next": "rsql_ctb_gl_ctb_audit_global"
    },
    "rsql_ctb_gl_ctb_audit_global": {
      "Type": "Choice",
      "Choices": [
        {
          "Variable": "$.INPUT.rsql_ctb_gl_ctb_audit_global",
          "StringEquals": "Y",
          "Next": "SKIP rsql_ctb_gl_ctb_audit_global"
        }
      ],
      "Default": "LOAD rsql_ctb_gl_ctb_audit_global"
    },
    "LOAD rsql_ctb_gl_ctb_audit_global": {
      "Type": "Task",
      "Resource": "arn:aws:states:::lambda:invoke.waitForTaskToken",
      "Parameters": {
        "FunctionName": "arn:aws:lambda:us-east-1:083760424738:function:fin-ctb-rsql-sfn-trigger",
        "Payload": {
          "token.$": "$$.Task.Token",
          "workflow_id": "TEST",
          "type": "rsql",
          "script": "rsql_ctb_gl_ctb_audit_global.sh",
          "args.$": "States.Format($.INPUT.region)"
        }
      },
      "Retry": [
        {
          "ErrorEquals": [
            "Lambda.ServiceException",
            "Lambda.AWSLambdaException",
            "Lambda.SdkClientException"
          ],
          "IntervalSeconds": 2,
          "MaxAttempts": 6,
          "BackoffRate": 2
        }
      ],
      "Catch": [
        {
          "ErrorEquals": [
            "States.TaskFailed"
          ],
          "Next": "SNS_rsql_ctb_gl_ctb_audit_global_FAILED"
        }
      ],
      "Next": "SKIP rsql_ctb_gl_ctb_audit_global",
      "ResultPath": "$.OUTPUT"
    },
    "SNS_rsql_ctb_gl_ctb_audit_global_FAILED": {
      "Type": "Task",
      "Resource": "arn:aws:states:::sns:publish",
      "Parameters": {
        "TopicArn": "arn:aws:sns:us-east-1:083760424738:fin-ctb-sfn-failure",
        "Message.$": "$",
        "Subject": "Finance_CTB_Global_Balances failed at rsql_ctb_gl_ctb_audit.sh script"
      },
      "End": false
    },
    "SKIP rsql_ctb_gl_ctb_audit_global": {
      "Type": "Pass",
      "Next": "Completed"
    },
    "Completed": {
      "Type": "Pass",
       "End": true
    }
  }
}