{
  "StartAt": "Start Finance_CTB_GL_STAT_COA_GLP_LOAD",
  "States": {
    "Start Finance_CTB_GL_STAT_COA_GLP_LOAD": {
      "Type": "Pass",
      "InputPath": "$",
      "OutputPath": "$",
      "Next": "rsql_ctb_gl_glp_stat_coa_balnc_s"
    },
    "rsql_ctb_gl_glp_stat_coa_balnc_s": {
      "Type": "Choice",
      "Choices": [
        {
          "Variable": "$.INPUT.rsql_ctb_gl_glp_stat_coa_balnc_s",
          "StringEquals": "Y",
          "Next": "SKIP rsql_ctb_gl_glp_stat_coa_balnc_s"
        }
      ],
      "Default": "LOAD rsql_ctb_gl_glp_stat_coa_balnc_s"
    },
    "LOAD rsql_ctb_gl_glp_stat_coa_balnc_s": {
      "Type": "Task",
      "Resource": "arn:aws:states:::lambda:invoke.waitForTaskToken",
      "Parameters": {
        "FunctionName": "arn:aws:lambda:us-east-1:083760424738:function:fin-ctb-rsql-sfn-trigger",
        "Payload": {
          "token.$": "$$.Task.Token",
          "workflow_id": "TEST",
          "type": "rsql",
          "script": "rsql_ctb_gl_glp_stat_coa_balnc_s.sh"
        }
      },
      "Retry": [
        {
          "ErrorEquals": [
            "Lambda.ServiceException",
            "Lambda.AWSLambdaException",
            "Lambda.SdkClientException"
          ],
          "IntervalSeconds": 2,
          "MaxAttempts": 6,
          "BackoffRate": 2
        }
      ],
      "Catch": [
        {
          "ErrorEquals": [
            "States.TaskFailed"
          ],
          "Next": "SNS_rsql_ctb_gl_glp_stat_coa_balnc_s_FAILED"
        }
      ],
      "Next": "SKIP rsql_ctb_gl_glp_stat_coa_balnc_s",
      "ResultPath": "$.OUTPUT"
    },
    "SNS_rsql_ctb_gl_glp_stat_coa_balnc_s_FAILED": {
      "Type": "Task",
      "Resource": "arn:aws:states:::sns:publish",
      "Parameters": {
        "TopicArn": "arn:aws:sns:us-east-1:083760424738:fin-ctb-sfn-failure",
        "Message.$": "$",
        "Subject": "AWS CTB failed at SF fin_ctb_gl_stat_coa_glp_load for script rsql_ctb_gl_glp_stat_coa_balnc_s.sh"
      },
      "End": false
    },
    "SKIP rsql_ctb_gl_glp_stat_coa_balnc_s": {
      "Type": "Pass",
      "Next": "rsql_ctb_gl_glp_stat_coa_balnc_s_f_delins"
    },
    "rsql_ctb_gl_glp_stat_coa_balnc_s_f_delins": {
      "Type": "Choice",
      "Choices": [
        {
          "Variable": "$.INPUT.rsql_ctb_gl_glp_stat_coa_balnc_s_f_delins",
          "StringEquals": "Y",
          "Next": "SKIP rsql_ctb_gl_glp_stat_coa_balnc_s_f_delins"
        }
      ],
      "Default": "LOAD rsql_ctb_gl_glp_stat_coa_balnc_s_f_delins"
    },
    "LOAD rsql_ctb_gl_glp_stat_coa_balnc_s_f_delins": {
      "Type": "Task",
      "Resource": "arn:aws:states:::lambda:invoke.waitForTaskToken",
      "Parameters": {
        "FunctionName": "arn:aws:lambda:us-east-1:083760424738:function:fin-ctb-rsql-sfn-trigger",
        "Payload": {
          "token.$": "$$.Task.Token",
          "workflow_id": "TEST",
          "type": "rsql",
          "script": "rsql_ctb_gl_glp_stat_coa_balnc_s_f_delins.sh"
        }
      },
      "Retry": [
        {
          "ErrorEquals": [
            "Lambda.ServiceException",
            "Lambda.AWSLambdaException",
            "Lambda.SdkClientException"
          ],
          "IntervalSeconds": 2,
          "MaxAttempts": 6,
          "BackoffRate": 2
        }
      ],
      "Catch": [
        {
          "ErrorEquals": [
            "States.TaskFailed"
          ],
          "Next": "SNS_rsql_ctb_gl_glp_stat_coa_balnc_s_f_delins_FAILED"
        }
      ],
      "Next": "SKIP rsql_ctb_gl_glp_stat_coa_balnc_s_f_delins",
      "ResultPath": "$.OUTPUT"
    },
    "SNS_rsql_ctb_gl_glp_stat_coa_balnc_s_f_delins_FAILED": {
      "Type": "Task",
      "Resource": "arn:aws:states:::sns:publish",
      "Parameters": {
        "TopicArn": "arn:aws:sns:us-east-1:083760424738:fin-ctb-sfn-failure",
        "Message.$": "$",
        "Subject": "AWS CTB failed at SF fin_ctb_gl_stat_coa_glp_load for script rsql_ctb_gl_glp_stat_coa_balnc_s_f_delins.sh"
      },
      "End": false
    },
    "SKIP rsql_ctb_gl_glp_stat_coa_balnc_s_f_delins": {
      "Type": "Pass",
      "Next": "rsql_fin_last_upd_for_cdc_tables"
    },
    "rsql_fin_last_upd_for_cdc_tables": {
      "Type": "Choice",
      "Choices": [
        {
          "Variable": "$.INPUT.rsql_fin_last_upd_for_cdc_tables",
          "StringEquals": "Y",
          "Next": "SKIP rsql_fin_last_upd_for_cdc_tables"
        }
      ],
      "Default": "LOAD rsql_fin_last_upd_for_cdc_tables"
    },
    "LOAD rsql_fin_last_upd_for_cdc_tables": {
      "Type": "Task",
      "Resource": "arn:aws:states:::lambda:invoke.waitForTaskToken",
      "Parameters": {
        "FunctionName": "arn:aws:lambda:us-east-1:083760424738:function:fin-ctb-rsql-sfn-trigger",
        "Payload": {
          "token.$": "$$.Task.Token",
          "workflow_id": "TEST",
          "type": "rsql",
          "script": "rsql_fin_last_upd_for_cdc_tables.sh",
          "args": "hdl_gl_sem_data|gl_glp_stat_coa_balnc_s~gl_balances|hdl_gl_etl_stage"
        }
      },
      "Retry": [
        {
          "ErrorEquals": [
            "Lambda.ServiceException",
            "Lambda.AWSLambdaException",
            "Lambda.SdkClientException"
          ],
          "IntervalSeconds": 2,
          "MaxAttempts": 6,
          "BackoffRate": 2
        }
      ],
      "Catch": [
        {
          "ErrorEquals": [
            "States.TaskFailed"
          ],
          "Next": "SNS_rsql_fin_last_upd_for_cdc_tables_FAILED"
        }
      ],
      "Next": "SKIP rsql_fin_last_upd_for_cdc_tables",
      "ResultPath": "$.OUTPUT"
    },
    "SNS_rsql_fin_last_upd_for_cdc_tables_FAILED": {
      "Type": "Task",
      "Resource": "arn:aws:states:::sns:publish",
      "Parameters": {
        "TopicArn": "arn:aws:sns:us-east-1:083760424738:fin-ctb-sfn-failure",
        "Message.$": "$",
        "Subject": "AWS CTB failed at SF fin_ctb_gl_stat_coa_glp_load for script rsql_fin_last_upd_for_cdc_tables.sh"
      },
      "End": false
    },
    "SKIP rsql_fin_last_upd_for_cdc_tables": {
      "Type": "Pass",
      "Next": "Completed"
    },
    "Completed": {
      "Type": "Pass",
       "End": true
    
    }
  }
}